{"cameraMode":{"drawMode":0,"name":"Shaded","section":"Shading Mode"},"sceneLighting":true,"audioPlay":false,"sceneViewState":{"m_AlwaysRefresh":false,"showFog":true,"showSkybox":true,"showFlares":true,"showImageEffects":true,"showParticleSystems":true,"showVisualEffectGraphs":true,"m_FxEnabled":true},"in2DMode":false,"pivot":{"x":-86.80780029296875,"y":320.7846374511719,"z":82.93142700195313},"rotation":{"x":0.013716052286326886,"y":0.8732779622077942,"z":0.024624580517411233,"w":-0.4864126145839691},"size":484.8106384277344,"orthographic":false}