{"cameraMode":{"drawMode":0,"name":"Shaded","section":"Shading Mode"},"sceneLighting":false,"audioPlay":false,"sceneViewState":{"m_AlwaysRefresh":false,"showFog":true,"showSkybox":false,"showFlares":true,"showImageEffects":true,"showParticleSystems":true,"showVisualEffectGraphs":true,"m_FxEnabled":true},"in2DMode":false,"pivot":{"x":-10.20318603515625,"y":87.43683624267578,"z":-17.258371353149415},"rotation":{"x":0.013716052286326886,"y":0.8732779622077942,"z":0.024624580517411233,"w":-0.4864126145839691},"size":129.1641387939453,"orthographic":false}